period,topic,spread
2011-01-01,-1,0.85663927
2011-01-01,0,0.80010337
2011-01-01,1,0.36527497
2011-01-01,2,0.77915764
2011-01-01,3,0.5335007
2011-01-01,4,0.62276775
2011-01-01,6,0.7339066
2011-01-01,7,0.0
2011-01-01,8,0.86114305
2011-01-01,9,0.0
2011-01-01,10,0.7213702
2011-01-01,11,0.5576596
2011-01-01,13,0.8514519
2011-01-01,14,0.48266482
2011-01-01,15,0.6274403
2011-01-01,16,0.7248574
2011-01-01,17,0.7768184
2011-01-01,20,0.0
2011-01-01,21,0.59345675
2011-01-01,22,0.7715977
2011-01-01,23,0.655226
2011-01-01,24,0.67846924
2011-01-01,25,0.53641975
2011-01-01,26,0.76178116
2011-01-01,27,0.7392295
2011-01-01,28,0.8224786
2011-01-01,31,0.0
2011-01-01,32,0.7067262
2011-01-01,33,0.60883415
2011-01-01,34,0.71221703
2011-01-01,35,0.6157995
2011-01-01,36,0.7600335
2011-01-01,37,0.5185807
2011-01-01,38,0.689643
2011-01-01,39,0.6584733
2011-01-01,40,0.0
2011-01-01,41,0.8175651
2011-01-01,42,0.0
2011-01-01,43,0.0
2011-01-01,44,0.0
2011-01-01,45,0.84178853
2011-01-01,46,0.0
2011-01-01,47,0.0
2011-01-01,48,0.0
2011-01-01,49,0.0
2011-01-01,50,0.7405732
2011-01-01,52,0.75905406
2011-01-01,53,0.0
2011-01-01,54,0.7152413
2011-01-01,55,0.6995806
2011-01-01,56,0.841569
2011-01-01,57,0.0
2011-01-01,58,0.7792668
2011-01-01,59,0.6865519
2011-01-01,60,0.807377
2011-01-01,61,0.0
2011-01-01,62,0.0
2011-01-01,63,0.66182786
2011-01-01,64,0.0
2011-01-01,65,0.0
2011-01-01,66,0.71781415
2011-01-01,67,0.6293853
2011-01-01,68,0.7633187
2011-01-01,69,0.81202805
2011-01-01,70,0.85751134
2011-01-01,71,0.80992293
2011-01-01,72,0.7043631
2011-01-01,73,0.6275032
2011-01-01,74,0.730866
2011-01-01,75,0.8300612
2011-01-01,76,0.81742454
2011-01-01,78,0.0
2011-01-01,79,0.0
2011-01-01,80,0.0
2011-01-01,81,0.0
2011-01-01,82,0.8411447
2011-01-01,83,0.8168402
2011-01-01,84,0.0
2011-01-01,87,0.7738624
2011-01-01,90,0.8546659
2011-01-01,91,0.0
2011-01-01,92,0.0
2011-01-01,93,0.0
2011-01-01,94,0.0
2011-01-01,97,0.0
2011-01-01,98,0.0
2011-01-01,99,0.629057
2011-01-01,101,0.0
2011-01-01,103,0.6552596
2011-01-01,104,0.7079184
2011-01-01,105,0.7934894
2011-01-01,106,0.6995869
2011-01-01,107,0.74551797
2011-01-01,109,0.83573884
2011-01-01,110,0.0
2011-01-01,111,0.64732003
2011-01-01,113,0.8054741
2011-01-01,115,0.58429915
2011-01-01,116,0.6596377
2011-01-01,117,0.0
2011-01-01,119,0.7630236
2011-01-01,120,0.85089123
2011-01-01,121,0.68275386
2011-01-01,122,0.46359015
2011-01-01,125,0.6903482
2011-01-01,126,0.584584
2011-01-01,127,0.6336913
2011-01-01,128,0.8234829
2011-01-01,129,0.7038387
2011-01-01,130,0.0
2011-01-01,131,0.45721644
2011-01-01,132,0.0
2011-01-01,133,0.7110288
2011-01-01,134,0.46091938
2011-01-01,135,0.5623743
2011-01-01,137,0.6982176
2011-01-01,138,0.49618906
2011-01-01,139,0.67653626
2011-01-01,140,0.51848936
2011-01-01,141,0.80314684
2011-01-01,143,0.6542137
2011-01-01,144,0.5633309
2011-01-01,146,0.5107735
2011-01-01,147,0.0
2011-01-01,148,0.63582945
2011-01-01,149,0.0
2011-01-01,150,0.0
2011-01-01,154,0.0
2011-01-01,155,0.7094887
2011-01-01,158,0.0
2011-01-01,161,0.0
2011-01-01,164,0.0
2011-01-01,175,0.7760755
2011-01-01,176,0.84599876
2011-01-01,177,0.0
2011-01-01,179,0.6948437
2011-01-01,180,0.0
2011-01-01,186,0.0
2011-01-01,187,0.0
2011-01-01,188,0.79877037
2011-01-01,189,0.6716216
2011-01-01,190,0.80242425
2011-01-01,191,0.80705875
2011-01-01,192,0.7999912
2011-01-01,193,0.61733454
2011-01-01,194,0.55405486
2011-01-01,195,0.58874214
2011-01-01,196,0.0
2011-01-01,198,0.0
2011-01-01,200,0.0
2012-01-01,-1,0.84227514
2012-01-01,0,0.33548823
2012-01-01,1,0.19032861
2012-01-01,2,0.81605107
2012-01-01,3,0.6262173
2012-01-01,4,0.48512068
2012-01-01,6,0.82719165
2012-01-01,7,0.7378611
2012-01-01,8,0.846678
2012-01-01,9,0.0
2012-01-01,11,0.73286426
2012-01-01,13,0.85063225
2012-01-01,14,0.6574768
2012-01-01,15,0.7331739
2012-01-01,16,0.75288963
2012-01-01,17,0.81029326
2012-01-01,19,0.80012023
2012-01-01,21,0.752534
2012-01-01,23,0.7435078
2012-01-01,24,0.7330615
2012-01-01,25,0.5738906
2012-01-01,26,0.76042897
2012-01-01,27,0.74544066
2012-01-01,28,0.8443199
2012-01-01,30,0.82253486
2012-01-01,31,0.6476222
2012-01-01,32,0.6813713
2012-01-01,33,0.7549713
2012-01-01,34,0.0
2012-01-01,35,0.7478693
2012-01-01,36,0.82499236
2012-01-01,37,0.605139
2012-01-01,38,0.6950992
2012-01-01,39,0.0
2012-01-01,40,0.7364559
2012-01-01,41,0.84583
2012-01-01,42,0.6521089
2012-01-01,43,0.0
2012-01-01,44,0.7789153
2012-01-01,45,0.77631044
2012-01-01,46,0.7302212
2012-01-01,47,0.6309446
2012-01-01,48,0.0
2012-01-01,49,0.7586503
2012-01-01,50,0.7441368
2012-01-01,52,0.7397131
2012-01-01,53,0.7128199
2012-01-01,54,0.8052125
2012-01-01,55,0.84064794
2012-01-01,56,0.8264349
2012-01-01,57,0.63918746
2012-01-01,58,0.7891168
2012-01-01,59,0.6367634
2012-01-01,60,0.8049108
2012-01-01,61,0.5175384
2012-01-01,62,0.0
2012-01-01,64,0.70844615
2012-01-01,65,0.6410032
2012-01-01,66,0.0
2012-01-01,67,0.6731756
2012-01-01,68,0.66432565
2012-01-01,69,0.7111018
2012-01-01,70,0.77895117
2012-01-01,71,0.6270481
2012-01-01,72,0.63479203
2012-01-01,73,0.7722039
2012-01-01,74,0.8094552
2012-01-01,75,0.80167794
2012-01-01,76,0.8029834
2012-01-01,77,0.6964447
2012-01-01,78,0.7637177
2012-01-01,79,0.6913619
2012-01-01,80,0.82402223
2012-01-01,81,0.77133274
2012-01-01,82,0.0
2012-01-01,83,0.84500605
2012-01-01,84,0.7809786
2012-01-01,85,0.7125831
2012-01-01,86,0.0
2012-01-01,87,0.8000755
2012-01-01,88,0.0
2012-01-01,89,0.546179
2012-01-01,90,0.7168422
2012-01-01,91,0.0
2012-01-01,92,0.47355482
2012-01-01,94,0.63728076
2012-01-01,95,0.0
2012-01-01,96,0.6112003
2012-01-01,97,0.68715525
2012-01-01,98,0.7783373
2012-01-01,99,0.5822285
2012-01-01,100,0.70997405
2012-01-01,101,0.697629
2012-01-01,102,0.82365173
2012-01-01,103,0.82047534
2012-01-01,104,0.69336516
2012-01-01,105,0.7822294
2012-01-01,106,0.67757785
2012-01-01,107,0.74437344
2012-01-01,108,0.52441084
2012-01-01,109,0.78463244
2012-01-01,110,0.54576135
2012-01-01,111,0.60301024
2012-01-01,113,0.78226715
2012-01-01,114,0.0
2012-01-01,115,0.79998666
2012-01-01,116,0.76108164
2012-01-01,117,0.0
2012-01-01,118,0.6057843
2012-01-01,119,0.7302345
2012-01-01,120,0.7768242
2012-01-01,121,0.6133574
2012-01-01,122,0.0
2012-01-01,123,0.0
2012-01-01,124,0.0
2012-01-01,125,0.6776813
2012-01-01,126,0.5233976
2012-01-01,127,0.6444149
2012-01-01,128,0.8565667
2012-01-01,129,0.80355984
2012-01-01,130,0.81569684
2012-01-01,131,0.6730668
2012-01-01,132,0.7168979
2012-01-01,133,0.76086015
2012-01-01,134,0.6263615
2012-01-01,135,0.6767382
2012-01-01,137,0.6991433
2012-01-01,139,0.7112234
2012-01-01,140,0.70660055
2012-01-01,141,0.67946714
2012-01-01,142,0.72458816
2012-01-01,143,0.6959281
2012-01-01,144,0.6068251
2012-01-01,145,0.0
2012-01-01,146,0.5676092
2012-01-01,147,0.76458585
2012-01-01,148,0.5325121
2012-01-01,149,0.0
2012-01-01,150,0.7382378
2012-01-01,151,0.752187
2012-01-01,153,0.0
2012-01-01,154,0.0
2012-01-01,158,0.7407644
2012-01-01,160,0.5154352
2012-01-01,161,0.681921
2012-01-01,167,0.63677454
2012-01-01,172,0.0
2012-01-01,173,0.7688836
2012-01-01,175,0.7343758
2012-01-01,176,0.82123655
2012-01-01,177,0.64268917
2012-01-01,178,0.0
2012-01-01,179,0.75692374
2012-01-01,183,0.0
2012-01-01,184,0.0
2012-01-01,185,0.6174998
2012-01-01,186,0.0
2012-01-01,187,0.67898655
2012-01-01,188,0.8540649
2012-01-01,189,0.74199986
2012-01-01,190,0.78807527
2012-01-01,191,0.8299278
2012-01-01,192,0.8225071
2012-01-01,193,0.739455
2012-01-01,194,0.7304391
2012-01-01,195,0.80110765
2012-01-01,197,0.6051167
2012-01-01,198,0.7091479
2012-01-01,199,0.0
2012-01-01,200,0.0
2012-01-01,201,0.0
2013-01-01,-1,0.849824
2013-01-01,0,5.842302e-08
2013-01-01,1,0.7119399
2013-01-01,2,0.83452445
2013-01-01,3,0.6255801
2013-01-01,4,0.7177406
2013-01-01,5,0.7707736
2013-01-01,6,0.7110051
2013-01-01,7,0.8092229
2013-01-01,8,0.8541861
2013-01-01,9,0.0
2013-01-01,10,0.6476323
2013-01-01,11,0.63265437
2013-01-01,12,0.73463595
2013-01-01,13,0.8366454
2013-01-01,14,0.76346934
2013-01-01,15,0.0
2013-01-01,16,0.69280404
2013-01-01,17,0.76787144
2013-01-01,18,0.7209843
2013-01-01,19,0.5157748
2013-01-01,20,0.0
2013-01-01,21,0.779236
2013-01-01,22,0.6565858
2013-01-01,23,0.8061618
2013-01-01,24,0.73248494
2013-01-01,25,0.5994365
2013-01-01,26,0.78986293
2013-01-01,27,0.72773063
2013-01-01,28,0.85267794
2013-01-01,29,0.6211831
2013-01-01,30,0.0
2013-01-01,31,0.6031651
2013-01-01,32,0.6802533
2013-01-01,33,0.68768835
2013-01-01,34,0.60546005
2013-01-01,35,0.7773051
2013-01-01,36,0.8472105
2013-01-01,37,0.74774647
2013-01-01,38,0.66516685
2013-01-01,39,0.0
2013-01-01,40,0.67828435
2013-01-01,41,0.845462
2013-01-01,42,0.8186125
2013-01-01,43,0.65481436
2013-01-01,44,0.7604201
2013-01-01,45,0.8126491
2013-01-01,46,0.7122184
2013-01-01,47,0.6075322
2013-01-01,48,0.6036966
2013-01-01,49,0.66286206
2013-01-01,50,0.7773023
2013-01-01,52,0.8295976
2013-01-01,53,0.79290575
2013-01-01,54,0.73142487
2013-01-01,55,0.6382949
2013-01-01,56,0.8507504
2013-01-01,57,0.6514988
2013-01-01,58,0.817801
2013-01-01,60,0.8474169
2013-01-01,61,0.74111545
2013-01-01,62,0.67522305
2013-01-01,63,0.6004948
2013-01-01,64,0.82161903
2013-01-01,65,0.71966857
2013-01-01,67,0.8582939
2013-01-01,68,0.8022701
2013-01-01,69,0.770203
2013-01-01,70,0.71255165
2013-01-01,71,0.5958451
2013-01-01,72,0.749659
2013-01-01,73,0.83992743
2013-01-01,74,0.7779842
2013-01-01,75,0.8459821
2013-01-01,76,0.85417724
2013-01-01,77,0.838031
2013-01-01,78,0.82226455
2013-01-01,79,0.7895551
2013-01-01,80,0.78512156
2013-01-01,81,0.8000438
2013-01-01,82,0.7526477
2013-01-01,83,0.53171223
2013-01-01,84,0.630139
2013-01-01,85,0.65918523
2013-01-01,86,0.6350232
2013-01-01,87,0.8255142
2013-01-01,88,0.49653324
2013-01-01,89,0.5533888
2013-01-01,90,0.77418995
2013-01-01,91,0.6985463
2013-01-01,92,0.4935619
2013-01-01,93,0.72077084
2013-01-01,94,0.5939127
2013-01-01,95,0.0
2013-01-01,96,0.73150545
2013-01-01,97,0.6556604
2013-01-01,98,0.8417916
2013-01-01,99,0.7873277
2013-01-01,100,0.7343335
2013-01-01,101,0.60179794
2013-01-01,102,0.837864
2013-01-01,103,0.8394992
2013-01-01,104,0.80409974
2013-01-01,105,0.0
2013-01-01,106,0.6273924
2013-01-01,107,0.73652685
2013-01-01,108,0.47156477
2013-01-01,109,0.7142362
2013-01-01,110,0.6018771
2013-01-01,111,0.68661726
2013-01-01,113,0.81342804
2013-01-01,114,0.6340697
2013-01-01,115,0.70660704
2013-01-01,116,0.81379074
2013-01-01,117,0.59528595
2013-01-01,118,0.5883785
2013-01-01,119,0.74510384
2013-01-01,120,0.80178344
2013-01-01,121,0.66482824
2013-01-01,122,0.54762554
2013-01-01,123,0.5664824
2013-01-01,124,0.7000687
2013-01-01,125,0.6907944
2013-01-01,126,0.61768955
2013-01-01,127,0.67915815
2013-01-01,128,0.77913815
2013-01-01,129,0.79429394
2013-01-01,130,0.8350522
2013-01-01,131,0.69734496
2013-01-01,132,0.8018563
2013-01-01,133,0.8286691
2013-01-01,134,0.62291396
2013-01-01,135,0.5810911
2013-01-01,136,0.61729276
2013-01-01,137,0.72162694
2013-01-01,138,0.44530162
2013-01-01,139,0.75376284
2013-01-01,140,0.7003066
2013-01-01,141,0.79161733
2013-01-01,142,0.7868371
2013-01-01,143,0.6500711
2013-01-01,144,0.59033084
2013-01-01,148,0.6815876
2013-01-01,149,0.6428636
2013-01-01,150,0.6440457
2013-01-01,153,0.50824994
2013-01-01,155,0.0
2013-01-01,158,0.69207335
2013-01-01,159,0.63856804
2013-01-01,160,0.7450878
2013-01-01,161,0.75364107
2013-01-01,164,0.58882076
2013-01-01,173,0.82356477
2013-01-01,174,0.64860207
2013-01-01,175,0.8270902
2013-01-01,176,0.81240267
2013-01-01,178,0.6680522
2013-01-01,182,0.0
2013-01-01,183,0.0
2013-01-01,185,0.7069788
2013-01-01,187,0.6019658
2013-01-01,188,0.77632767
2013-01-01,189,0.79705477
2013-01-01,190,0.80920935
2013-01-01,191,0.8281273
2013-01-01,192,0.8302714
2013-01-01,193,0.80088407
2013-01-01,194,0.8425653
2013-01-01,195,0.88336015
2013-01-01,198,0.71499467
2013-01-01,199,0.0
2013-01-01,200,0.8021558
2014-01-01,-1,0.85494816
2014-01-01,0,0.7152968
2014-01-01,1,0.25954014
2014-01-01,2,0.7848806
2014-01-01,3,0.6101125
2014-01-01,5,0.6811898
2014-01-01,6,0.7288894
2014-01-01,7,0.370972
2014-01-01,8,0.830802
2014-01-01,9,0.7012871
2014-01-01,10,0.62339526
2014-01-01,11,0.6451556
2014-01-01,12,0.8290294
2014-01-01,13,0.8594413
2014-01-01,14,0.77584016
2014-01-01,15,0.8472071
2014-01-01,16,0.69866514
2014-01-01,17,0.7561701
2014-01-01,21,0.8290789
2014-01-01,22,0.0
2014-01-01,23,0.81361055
2014-01-01,24,0.6527709
2014-01-01,25,0.5502544
2014-01-01,26,0.8085551
2014-01-01,27,0.7237565
2014-01-01,28,0.8646778
2014-01-01,31,0.60593355
2014-01-01,32,0.7997162
2014-01-01,33,0.55479354
2014-01-01,34,0.8337762
2014-01-01,35,0.7584916
2014-01-01,36,0.8691122
2014-01-01,37,0.60906595
2014-01-01,38,0.6597078
2014-01-01,39,0.59450734
2014-01-01,40,0.68150145
2014-01-01,41,0.8161199
2014-01-01,42,0.51298475
2014-01-01,43,0.77122796
2014-01-01,44,0.72998077
2014-01-01,45,0.79740524
2014-01-01,46,0.68704444
2014-01-01,47,0.64370835
2014-01-01,48,0.0
2014-01-01,49,0.66843826
2014-01-01,50,0.6871194
2014-01-01,51,0.74904084
2014-01-01,52,0.8107317
2014-01-01,53,0.7098103
2014-01-01,54,0.82358915
2014-01-01,55,0.72260165
2014-01-01,56,0.8529628
2014-01-01,57,0.6023643
2014-01-01,58,0.82105935
2014-01-01,59,0.77387357
2014-01-01,60,0.821635
2014-01-01,61,0.7831378
2014-01-01,62,0.7400586
2014-01-01,63,0.75439477
2014-01-01,64,0.8122397
2014-01-01,65,0.6263579
2014-01-01,66,0.62326396
2014-01-01,67,0.855134
2014-01-01,68,0.78422415
2014-01-01,69,0.7692787
2014-01-01,70,0.80056846
2014-01-01,71,0.7377446
2014-01-01,72,0.8266127
2014-01-01,73,0.8295368
2014-01-01,74,0.776136
2014-01-01,75,0.5989187
2014-01-01,76,0.72171146
2014-01-01,77,0.8552092
2014-01-01,78,0.78844815
2014-01-01,79,0.85785604
2014-01-01,80,0.80819243
2014-01-01,81,0.79694664
2014-01-01,82,0.5852231
2014-01-01,83,0.0
2014-01-01,84,0.6277071
2014-01-01,85,0.61498886
2014-01-01,86,0.0
2014-01-01,87,0.8021599
2014-01-01,88,0.0
2014-01-01,89,0.0
2014-01-01,90,0.6342445
2014-01-01,91,0.81254125
2014-01-01,92,0.5492009
2014-01-01,93,0.55008715
2014-01-01,94,0.5622959
2014-01-01,95,0.49762136
2014-01-01,96,0.65834844
2014-01-01,97,0.6631582
2014-01-01,98,0.6181144
2014-01-01,99,0.43363902
2014-01-01,100,0.71592796
2014-01-01,101,0.70798856
2014-01-01,102,0.8520198
2014-01-01,103,0.5828349
2014-01-01,104,0.77345526
2014-01-01,105,0.73705477
2014-01-01,106,0.79043806
2014-01-01,107,0.69773275
2014-01-01,109,0.80559146
2014-01-01,110,0.6538501
2014-01-01,111,0.6929803
2014-01-01,112,0.0
2014-01-01,113,0.8335167
2014-01-01,114,0.0
2014-01-01,115,0.7065895
2014-01-01,116,0.81614995
2014-01-01,117,0.56025094
2014-01-01,118,0.68432504
2014-01-01,119,0.75606054
2014-01-01,120,0.7686415
2014-01-01,121,0.6155756
2014-01-01,122,0.0
2014-01-01,123,0.0
2014-01-01,124,0.5402263
2014-01-01,125,0.5480194
2014-01-01,126,0.43316236
2014-01-01,127,0.77034986
2014-01-01,128,0.77749634
2014-01-01,129,0.78772223
2014-01-01,130,0.6826935
2014-01-01,131,0.6461641
2014-01-01,132,0.62802714
2014-01-01,133,0.7806457
2014-01-01,134,0.61043763
2014-01-01,135,0.64306456
2014-01-01,136,0.6730572
2014-01-01,137,0.7054867
2014-01-01,138,0.72992676
2014-01-01,139,0.7659971
2014-01-01,140,0.72001874
2014-01-01,141,0.66010165
2014-01-01,142,0.45807925
2014-01-01,143,0.6802975
2014-01-01,144,0.51923525
2014-01-01,145,0.0
2014-01-01,146,0.0
2014-01-01,148,0.78431565
2014-01-01,149,0.73823124
2014-01-01,150,0.68348646
2014-01-01,151,0.75166774
2014-01-01,152,0.0
2014-01-01,155,0.0
2014-01-01,158,0.6369974
2014-01-01,159,0.0
2014-01-01,160,0.6635689
2014-01-01,161,0.6847484
2014-01-01,163,0.43388304
2014-01-01,164,0.74594295
2014-01-01,168,0.0
2014-01-01,172,0.0
2014-01-01,173,0.0
2014-01-01,174,0.6262858
2014-01-01,175,0.8280013
2014-01-01,176,0.7749283
2014-01-01,178,0.0
2014-01-01,179,0.0
2014-01-01,182,0.7921653
2014-01-01,185,0.0
2014-01-01,187,0.0
2014-01-01,188,0.5217467
2014-01-01,189,0.8177451
2014-01-01,190,0.8282184
2014-01-01,191,0.8164692
2014-01-01,192,0.85801744
2014-01-01,193,0.60099417
2014-01-01,194,0.83368444
2014-01-01,195,0.8389511
2014-01-01,197,0.66705173
2014-01-01,198,0.0
2014-01-01,199,0.0
2014-01-01,200,0.0
2014-01-01,203,0.0
2015-01-01,-1,0.85877395
2015-01-01,0,0.88502085
2015-01-01,1,0.8248203
2015-01-01,2,0.8463079
2015-01-01,3,0.6201464
2015-01-01,4,0.7524818
2015-01-01,5,0.63570565
2015-01-01,6,0.69221014
2015-01-01,7,0.6059935
2015-01-01,8,0.8640321
2015-01-01,9,0.6492403
2015-01-01,10,0.7459665
2015-01-01,11,0.75061816
2015-01-01,12,0.69317037
2015-01-01,13,0.8511438
2015-01-01,14,0.7141301
2015-01-01,15,0.85063785
2015-01-01,16,0.6971533
2015-01-01,17,0.7573281
2015-01-01,18,0.59569633
2015-01-01,19,0.0
2015-01-01,20,0.561201
2015-01-01,21,0.8083437
2015-01-01,22,0.6836531
2015-01-01,23,0.86454254
2015-01-01,24,0.6662625
2015-01-01,25,0.74747145
2015-01-01,26,0.809997
2015-01-01,27,0.7413502
2015-01-01,28,0.8451811
2015-01-01,29,0.7184599
2015-01-01,30,0.58846617
2015-01-01,31,0.6037248
2015-01-01,32,0.6724898
2015-01-01,33,0.7800876
2015-01-01,34,0.82213247
2015-01-01,35,0.8037027
2015-01-01,36,0.837969
2015-01-01,37,0.619438
2015-01-01,38,0.7955506
2015-01-01,39,0.8369256
2015-01-01,40,0.80358887
2015-01-01,41,0.85720444
2015-01-01,42,0.82532007
2015-01-01,43,0.83355147
2015-01-01,44,0.72882307
2015-01-01,45,0.8646305
2015-01-01,46,0.84326637
2015-01-01,47,0.67857414
2015-01-01,48,0.51677185
2015-01-01,49,0.6561686
2015-01-01,50,0.815155
2015-01-01,51,0.81250054
2015-01-01,52,0.84851915
2015-01-01,53,0.80019575
2015-01-01,54,0.806176
2015-01-01,55,0.7992167
2015-01-01,56,0.84784454
2015-01-01,57,0.8129338
2015-01-01,58,0.8143018
2015-01-01,59,0.7922228
2015-01-01,60,0.8496808
2015-01-01,61,0.82612014
2015-01-01,62,0.7042798
2015-01-01,63,0.75182617
2015-01-01,64,0.838993
2015-01-01,65,0.6732539
2015-01-01,66,0.7616633
2015-01-01,67,0.81395936
2015-01-01,68,0.79765797
2015-01-01,69,0.7679158
2015-01-01,70,0.78399897
2015-01-01,71,0.8426131
2015-01-01,72,0.8334233
2015-01-01,73,0.80422795
2015-01-01,74,0.73764974
2015-01-01,75,0.8161264
2015-01-01,76,0.7815771
2015-01-01,77,0.8516525
2015-01-01,78,0.7883239
2015-01-01,79,0.8282612
2015-01-01,80,0.7964628
2015-01-01,81,0.8186605
2015-01-01,82,0.5182916
2015-01-01,83,0.7423841
2015-01-01,84,0.73794895
2015-01-01,85,0.48735026
2015-01-01,86,0.56602
2015-01-01,87,0.82420576
2015-01-01,88,0.60586596
2015-01-01,89,0.34606534
2015-01-01,90,0.65422344
2015-01-01,91,0.7947494
2015-01-01,92,0.0
2015-01-01,93,0.6806512
2015-01-01,94,0.64247453
2015-01-01,95,0.52834976
2015-01-01,96,0.76898193
2015-01-01,97,0.6897029
2015-01-01,98,0.7807677
2015-01-01,99,0.6926346
2015-01-01,100,0.6647948
2015-01-01,101,0.664892
2015-01-01,102,0.74208987
2015-01-01,103,0.8509282
2015-01-01,104,0.79160416
2015-01-01,105,0.77950954
2015-01-01,106,0.7264716
2015-01-01,107,0.8020415
2015-01-01,108,0.65837795
2015-01-01,109,0.82453215
2015-01-01,110,0.77619827
2015-01-01,111,0.8138625
2015-01-01,112,0.0
2015-01-01,113,0.8378036
2015-01-01,114,0.58529454
2015-01-01,115,0.7915869
2015-01-01,116,0.8588962
2015-01-01,117,0.6240484
2015-01-01,118,0.60677105
2015-01-01,119,0.8241108
2015-01-01,120,0.795874
2015-01-01,121,0.7558202
2015-01-01,122,0.76470655
2015-01-01,123,0.8249092
2015-01-01,124,0.6637174
2015-01-01,125,0.80768865
2015-01-01,126,0.869578
2015-01-01,127,0.7375257
2015-01-01,128,0.7721375
2015-01-01,129,0.79197085
2015-01-01,130,0.74308395
2015-01-01,131,0.7440038
2015-01-01,132,0.77224106
2015-01-01,133,0.8184652
2015-01-01,134,0.8294801
2015-01-01,135,0.7852736
2015-01-01,136,0.77824146
2015-01-01,137,0.7606098
2015-01-01,138,0.74580336
2015-01-01,139,0.8203421
2015-01-01,140,0.7650955
2015-01-01,141,0.7158963
2015-01-01,142,0.78638023
2015-01-01,143,0.7765046
2015-01-01,144,0.73890024
2015-01-01,145,0.7422148
2015-01-01,146,0.8374243
2015-01-01,147,0.82065505
2015-01-01,148,0.68716216
2015-01-01,149,0.8119216
2015-01-01,150,0.6575384
2015-01-01,151,0.789629
2015-01-01,152,0.8487436
2015-01-01,154,0.0
2015-01-01,155,0.0
2015-01-01,158,0.75820947
2015-01-01,160,0.7142925
2015-01-01,161,0.8506786
2015-01-01,162,0.0
2015-01-01,163,0.81912535
2015-01-01,164,0.7784105
2015-01-01,167,0.0
2015-01-01,168,0.0
2015-01-01,173,0.8403567
2015-01-01,174,0.69590473
2015-01-01,175,0.85438085
2015-01-01,176,0.8450726
2015-01-01,177,0.76837456
2015-01-01,178,0.7558546
2015-01-01,179,0.0
2015-01-01,180,0.68140966
2015-01-01,181,0.55789787
2015-01-01,182,0.49247715
2015-01-01,183,0.0
2015-01-01,184,0.74945426
2015-01-01,185,0.6837542
2015-01-01,187,0.668104
2015-01-01,188,0.7566277
2015-01-01,189,0.7980805
2015-01-01,190,0.85131186
2015-01-01,191,0.84877104
2015-01-01,192,0.83931535
2015-01-01,193,0.8159242
2015-01-01,194,0.84491736
2015-01-01,195,0.86076736
2015-01-01,196,0.85177165
2015-01-01,197,0.8433158
2015-01-01,198,0.7310449
2015-01-01,199,0.0
2015-01-01,200,0.83941776
2015-01-01,201,0.84383947
2015-01-01,202,0.7674641
2016-01-01,-1,0.83836305
2016-01-01,0,0.83477753
2016-01-01,1,0.83185005
2016-01-01,2,0.84060204
2016-01-01,3,0.82814634
2016-01-01,4,0.5990445
2016-01-01,5,0.845707
2016-01-01,6,0.70479083
2016-01-01,7,0.73820835
2016-01-01,8,0.8319006
2016-01-01,9,0.0
2016-01-01,10,0.70279115
2016-01-01,11,0.72079813
2016-01-01,12,0.66828895
2016-01-01,13,0.8433359
2016-01-01,14,0.751743
2016-01-01,15,0.8540202
2016-01-01,16,0.8351379
2016-01-01,17,0.792854
2016-01-01,18,0.0
2016-01-01,19,0.842726
2016-01-01,20,0.0
2016-01-01,21,0.8327315
2016-01-01,22,0.71951884
2016-01-01,23,0.820254
2016-01-01,24,0.74138117
2016-01-01,25,0.7670194
2016-01-01,26,0.7337646
2016-01-01,27,0.7362277
2016-01-01,28,0.84582305
2016-01-01,29,0.6323806
2016-01-01,30,0.819431
2016-01-01,31,0.5427886
2016-01-01,32,0.69610006
2016-01-01,33,0.73843694
2016-01-01,34,0.8478924
2016-01-01,35,0.7404588
2016-01-01,36,0.821725
2016-01-01,37,0.6256203
2016-01-01,38,0.62399817
2016-01-01,39,0.7904861
2016-01-01,40,0.789624
2016-01-01,41,0.8359616
2016-01-01,42,0.7846693
2016-01-01,44,0.762124
2016-01-01,45,0.83710057
2016-01-01,46,0.8301933
2016-01-01,47,0.7600615
2016-01-01,48,0.0
2016-01-01,49,0.686237
2016-01-01,50,0.77527505
2016-01-01,51,0.7942883
2016-01-01,52,0.74493694
2016-01-01,53,0.7967946
2016-01-01,54,0.8420193
2016-01-01,55,0.6578087
2016-01-01,56,0.8418709
2016-01-01,57,0.6468268
2016-01-01,58,0.8105607
2016-01-01,59,0.7525646
2016-01-01,60,0.77526975
2016-01-01,61,0.8572824
2016-01-01,62,0.71119976
2016-01-01,63,0.7261318
2016-01-01,64,0.80551
2016-01-01,65,0.74622244
2016-01-01,66,0.80693525
2016-01-01,67,0.8047024
2016-01-01,68,0.75400186
2016-01-01,69,0.77082515
2016-01-01,70,0.7351847
2016-01-01,71,0.8069245
2016-01-01,72,0.77370733
2016-01-01,73,0.7361397
2016-01-01,74,0.81038076
2016-01-01,75,0.80666584
2016-01-01,76,0.798577
2016-01-01,77,0.83800197
2016-01-01,78,0.70567036
2016-01-01,79,0.8093047
2016-01-01,80,0.7313079
2016-01-01,81,0.72194237
2016-01-01,82,0.0
2016-01-01,83,0.72069126
2016-01-01,84,0.6618455
2016-01-01,85,0.7967467
2016-01-01,86,0.6975123
2016-01-01,87,0.7905597
2016-01-01,88,0.7846596
2016-01-01,89,0.5691376
2016-01-01,90,0.6733691
2016-01-01,91,0.7856961
2016-01-01,92,0.6544727
2016-01-01,93,0.718977
2016-01-01,94,0.67026186
2016-01-01,95,0.78664905
2016-01-01,96,0.6849749
2016-01-01,97,0.7611077
2016-01-01,98,0.8304175
2016-01-01,99,0.6556354
2016-01-01,100,0.7894666
2016-01-01,101,0.70226544
2016-01-01,102,0.8205654
2016-01-01,103,0.8234208
2016-01-01,104,0.77495134
2016-01-01,105,0.76340556
2016-01-01,106,0.7223234
2016-01-01,107,0.8004063
2016-01-01,108,0.6528935
2016-01-01,109,0.83369595
2016-01-01,110,0.7874811
2016-01-01,111,0.6426026
2016-01-01,112,0.75987494
2016-01-01,113,0.84250665
2016-01-01,114,0.7539389
2016-01-01,115,0.75735545
2016-01-01,116,0.8394347
2016-01-01,117,0.8187854
2016-01-01,118,0.68116707
2016-01-01,119,0.8131537
2016-01-01,120,0.7527154
2016-01-01,121,0.80433524
2016-01-01,122,0.8052683
2016-01-01,123,0.82898355
2016-01-01,124,0.6746501
2016-01-01,125,0.80531913
2016-01-01,126,0.80294627
2016-01-01,127,0.5616397
2016-01-01,128,0.7602855
2016-01-01,129,0.7996483
2016-01-01,130,0.76335925
2016-01-01,131,0.72896814
2016-01-01,132,0.79758155
2016-01-01,133,0.8366055
2016-01-01,134,0.80181944
2016-01-01,135,0.6227244
2016-01-01,136,0.77262974
2016-01-01,137,0.8224111
2016-01-01,138,0.70803994
2016-01-01,139,0.81733114
2016-01-01,140,0.73082536
2016-01-01,141,0.6412024
2016-01-01,142,0.8121801
2016-01-01,143,0.7114453
2016-01-01,144,0.7588692
2016-01-01,145,0.72495395
2016-01-01,146,0.8427744
2016-01-01,147,0.67182195
2016-01-01,148,0.68521285
2016-01-01,149,0.74356383
2016-01-01,150,0.72557926
2016-01-01,151,0.72718626
2016-01-01,152,0.8456483
2016-01-01,153,0.829979
2016-01-01,154,0.63872087
2016-01-01,155,0.7307946
2016-01-01,158,0.64918536
2016-01-01,160,0.73643196
2016-01-01,161,0.75799006
2016-01-01,163,0.8445897
2016-01-01,164,0.8403502
2016-01-01,165,0.75442976
2016-01-01,166,0.574716
2016-01-01,167,0.72988975
2016-01-01,169,0.0
2016-01-01,171,0.8262886
2016-01-01,172,0.0
2016-01-01,173,0.8342892
2016-01-01,174,0.0
2016-01-01,175,0.81575805
2016-01-01,176,0.8506085
2016-01-01,177,0.47998777
2016-01-01,178,0.82992405
2016-01-01,179,0.83401555
2016-01-01,180,0.7515945
2016-01-01,181,0.0
2016-01-01,182,0.838845
2016-01-01,183,0.783365
2016-01-01,184,0.7197382
2016-01-01,185,0.77370405
2016-01-01,186,0.7812794
2016-01-01,187,0.0
2016-01-01,188,0.7950278
2016-01-01,189,0.824287
2016-01-01,190,0.83612156
2016-01-01,191,0.8243065
2016-01-01,192,0.774433
2016-01-01,193,0.7995218
2016-01-01,194,0.82061565
2016-01-01,195,0.81646514
2016-01-01,196,0.7586367
2016-01-01,197,0.84525645
2016-01-01,198,0.70792836
2016-01-01,199,0.7016233
2016-01-01,200,0.7905554
2016-01-01,201,0.8286699
2016-01-01,202,0.7928093
2016-01-01,203,0.83475024
2016-01-01,204,0.81621575
2017-01-01,-1,0.8473176
2017-01-01,0,0.8747026
2017-01-01,1,0.8035283
2017-01-01,2,0.8426321
2017-01-01,3,0.613652
2017-01-01,4,0.79593605
2017-01-01,5,0.7561866
2017-01-01,6,0.6789769
2017-01-01,7,0.6208682
2017-01-01,8,0.86490124
2017-01-01,9,0.83095884
2017-01-01,10,0.77677387
2017-01-01,11,0.712059
2017-01-01,12,0.6166578
2017-01-01,13,0.84145284
2017-01-01,14,0.70135427
2017-01-01,15,0.8160693
2017-01-01,16,0.7494213
2017-01-01,17,0.78991437
2017-01-01,18,0.62835705
2017-01-01,19,0.5871628
2017-01-01,20,0.0
2017-01-01,21,0.79327637
2017-01-01,22,0.72803515
2017-01-01,23,0.8439754
2017-01-01,24,0.5874676
2017-01-01,25,0.669505
2017-01-01,26,0.7095463
2017-01-01,27,0.7452931
2017-01-01,28,0.8360476
2017-01-01,29,0.0
2017-01-01,30,0.78612494
2017-01-01,31,0.58635545
2017-01-01,32,0.69213474
2017-01-01,33,0.8347531
2017-01-01,34,0.8675626
2017-01-01,35,0.6866508
2017-01-01,36,0.7813744
2017-01-01,37,0.6299939
2017-01-01,38,0.70493835
2017-01-01,39,0.7922586
2017-01-01,40,0.8241804
2017-01-01,41,0.84987986
2017-01-01,42,0.38422167
2017-01-01,43,0.45192844
2017-01-01,44,0.8013124
2017-01-01,45,0.8428689
2017-01-01,46,0.7986467
2017-01-01,47,0.0
2017-01-01,48,0.8060961
2017-01-01,49,0.63708365
2017-01-01,50,0.76346946
2017-01-01,51,0.716473
2017-01-01,52,0.79969114
2017-01-01,53,0.81993884
2017-01-01,54,0.79851586
2017-01-01,55,0.6187933
2017-01-01,56,0.8534407
2017-01-01,57,0.7170866
2017-01-01,58,0.8064942
2017-01-01,59,0.6990275
2017-01-01,60,0.7894698
2017-01-01,61,0.6953335
2017-01-01,62,0.7969604
2017-01-01,63,0.811889
2017-01-01,64,0.8202687
2017-01-01,65,0.6786138
2017-01-01,66,0.7588608
2017-01-01,67,0.80461144
2017-01-01,68,0.75475144
2017-01-01,69,0.81417656
2017-01-01,70,0.76858926
2017-01-01,71,0.8148081
2017-01-01,72,0.6483084
2017-01-01,73,0.7941589
2017-01-01,74,0.79635406
2017-01-01,75,0.8449726
2017-01-01,76,0.74852604
2017-01-01,77,0.78683513
2017-01-01,78,0.63161343
2017-01-01,79,0.80046594
2017-01-01,80,0.72953707
2017-01-01,81,0.6051236
2017-01-01,82,0.45054305
2017-01-01,83,0.7333411
2017-01-01,84,0.59338826
2017-01-01,85,0.7596506
2017-01-01,86,0.8373059
2017-01-01,87,0.79059094
2017-01-01,88,0.5058119
2017-01-01,89,0.0
2017-01-01,90,0.4267115
2017-01-01,91,0.5234783
2017-01-01,92,0.74033016
2017-01-01,93,0.5079343
2017-01-01,94,0.65617245
2017-01-01,95,0.8067293
2017-01-01,96,0.66607183
2017-01-01,97,0.8079429
2017-01-01,98,0.8157285
2017-01-01,99,0.5775152
2017-01-01,100,0.78133905
2017-01-01,101,0.6819702
2017-01-01,102,0.8132315
2017-01-01,103,0.8076136
2017-01-01,104,0.8143885
2017-01-01,105,0.74205583
2017-01-01,106,0.7775585
2017-01-01,107,0.542708
2017-01-01,108,0.5911036
2017-01-01,109,0.79797494
2017-01-01,110,0.6878355
2017-01-01,111,0.689849
2017-01-01,112,0.71065694
2017-01-01,113,0.8373146
2017-01-01,114,0.675626
2017-01-01,115,0.6429496
2017-01-01,116,0.802226
2017-01-01,117,0.66197276
2017-01-01,118,0.8157205
2017-01-01,119,0.77287716
2017-01-01,120,0.0
2017-01-01,121,0.8557814
2017-01-01,122,0.65740436
2017-01-01,123,0.7101774
2017-01-01,124,0.6764952
2017-01-01,125,0.6532117
2017-01-01,126,0.5537518
2017-01-01,127,0.64424366
2017-01-01,128,0.7521063
2017-01-01,129,0.8092675
2017-01-01,130,0.7882674
2017-01-01,131,0.7618295
2017-01-01,132,0.7940786
2017-01-01,133,0.7472185
2017-01-01,134,0.0
2017-01-01,135,0.5643976
2017-01-01,136,0.43947256
2017-01-01,137,0.7513535
2017-01-01,138,0.64276034
2017-01-01,139,0.81777984
2017-01-01,140,0.80364794
2017-01-01,141,0.7462005
2017-01-01,142,0.628933
2017-01-01,143,0.75511086
2017-01-01,144,0.76676226
2017-01-01,145,0.6809299
2017-01-01,146,0.67037797
2017-01-01,147,0.7585263
2017-01-01,148,0.73854285
2017-01-01,149,0.6785295
2017-01-01,150,0.0
2017-01-01,151,0.6591435
2017-01-01,152,0.6162421
2017-01-01,153,0.0
2017-01-01,154,0.73641837
2017-01-01,155,0.8475311
2017-01-01,157,0.541947
2017-01-01,158,0.8277788
2017-01-01,159,0.76929665
2017-01-01,160,0.8121884
2017-01-01,161,0.8085028
2017-01-01,162,0.8288817
2017-01-01,163,0.0
2017-01-01,164,0.8147281
2017-01-01,165,0.84217423
2017-01-01,167,0.7792248
2017-01-01,168,0.783026
2017-01-01,169,0.7935887
2017-01-01,170,0.76904404
2017-01-01,171,0.83889705
2017-01-01,172,0.5807778
2017-01-01,173,0.0
2017-01-01,174,0.8487477
2017-01-01,175,0.83791995
2017-01-01,176,0.8343831
2017-01-01,177,0.80390006
2017-01-01,178,0.7985816
2017-01-01,179,0.8438166
2017-01-01,180,0.8421153
2017-01-01,181,0.7269995
2017-01-01,182,0.8468502
2017-01-01,183,0.8318624
2017-01-01,184,0.76635885
2017-01-01,185,0.81758124
2017-01-01,186,0.81354666
2017-01-01,187,0.73577756
2017-01-01,188,0.83022124
2017-01-01,189,0.80911547
2017-01-01,190,0.8255351
2017-01-01,191,0.7929781
2017-01-01,192,0.8662685
2017-01-01,193,0.8019467
2017-01-01,194,0.7690599
2017-01-01,195,0.7799854
2017-01-01,196,0.0
2017-01-01,197,0.8419015
2017-01-01,198,0.8431067
2017-01-01,199,0.0
2017-01-01,200,0.80652386
2017-01-01,201,0.7440759
2017-01-01,202,0.82252496
2017-01-01,203,0.76709473
2017-01-01,204,0.780058
2018-01-01,-1,0.8532747
2018-01-01,0,0.46949762
2018-01-01,1,0.5678207
2018-01-01,2,0.84338003
2018-01-01,3,0.0
2018-01-01,4,0.734687
2018-01-01,5,0.6670734
2018-01-01,6,0.6925675
2018-01-01,7,0.68768996
2018-01-01,8,0.842642
2018-01-01,9,0.58261377
2018-01-01,10,0.3959518
2018-01-01,11,0.7213827
2018-01-01,12,0.5548945
2018-01-01,13,0.8427975
2018-01-01,14,0.8181574
2018-01-01,15,0.8009914
2018-01-01,16,0.85400033
2018-01-01,17,0.8031439
2018-01-01,18,0.0
2018-01-01,19,0.5873278
2018-01-01,20,0.55920875
2018-01-01,21,0.78021324
2018-01-01,22,0.7939204
2018-01-01,23,0.79997224
2018-01-01,24,0.77734417
2018-01-01,25,0.71194494
2018-01-01,26,0.8205695
2018-01-01,27,0.7354778
2018-01-01,28,0.847142
2018-01-01,29,0.6260426
2018-01-01,30,0.7573747
2018-01-01,31,0.8358417
2018-01-01,32,0.70827293
2018-01-01,33,0.78847647
2018-01-01,34,0.8438412
2018-01-01,35,0.5821855
2018-01-01,36,0.7547031
2018-01-01,37,0.6600483
2018-01-01,38,0.76939046
2018-01-01,39,0.7490813
2018-01-01,40,0.7585316
2018-01-01,41,0.8363497
2018-01-01,42,0.49584213
2018-01-01,43,0.7510862
2018-01-01,44,0.74871594
2018-01-01,45,0.8388643
2018-01-01,46,0.78865296
2018-01-01,48,0.70502394
2018-01-01,49,0.6822086
2018-01-01,50,0.83733326
2018-01-01,51,0.7572535
2018-01-01,52,0.79902154
2018-01-01,53,0.72880614
2018-01-01,54,0.8106528
2018-01-01,55,0.6854504
2018-01-01,56,0.8375001
2018-01-01,57,0.59108156
2018-01-01,58,0.80379826
2018-01-01,59,0.6760721
2018-01-01,60,0.79569685
2018-01-01,61,0.84264386
2018-01-01,62,0.5698862
2018-01-01,63,0.77529776
2018-01-01,64,0.7338989
2018-01-01,65,0.6722353
2018-01-01,66,0.7037773
2018-01-01,67,0.83217496
2018-01-01,68,0.7656059
2018-01-01,69,0.7933415
2018-01-01,70,0.7548157
2018-01-01,71,0.776757
2018-01-01,72,0.79904795
2018-01-01,73,0.8490843
2018-01-01,74,0.8015589
2018-01-01,75,0.812123
2018-01-01,76,0.79326546
2018-01-01,77,0.55357456
2018-01-01,78,0.7230102
2018-01-01,79,0.8360431
2018-01-01,80,0.75561047
2018-01-01,81,0.71229535
2018-01-01,82,0.73027056
2018-01-01,83,0.6546429
2018-01-01,84,0.69368494
2018-01-01,85,0.76146704
2018-01-01,87,0.82507414
2018-01-01,88,0.78404254
2018-01-01,89,0.6565738
2018-01-01,90,0.0
2018-01-01,91,0.5693814
2018-01-01,92,0.70887125
2018-01-01,94,0.6557047
2018-01-01,95,0.7552243
2018-01-01,96,0.7877055
2018-01-01,97,0.8038804
2018-01-01,98,0.7971617
2018-01-01,99,0.6619019
2018-01-01,100,0.7664203
2018-01-01,101,0.6588322
2018-01-01,102,0.80019224
2018-01-01,103,0.83601093
2018-01-01,104,0.7591442
2018-01-01,105,0.7889497
2018-01-01,106,0.78842866
2018-01-01,107,0.61860734
2018-01-01,108,0.544569
2018-01-01,109,0.7839961
2018-01-01,110,0.69944775
2018-01-01,111,0.588555
2018-01-01,112,0.6369748
2018-01-01,113,0.8544621
2018-01-01,114,0.68719476
2018-01-01,115,0.75365865
2018-01-01,116,0.8399513
2018-01-01,117,0.75598043
2018-01-01,118,0.7666797
2018-01-01,119,0.7698928
2018-01-01,120,0.578857
2018-01-01,121,0.7290385
2018-01-01,122,0.0
2018-01-01,123,0.65838593
2018-01-01,124,0.67015463
2018-01-01,125,0.71507394
2018-01-01,126,0.61711365
2018-01-01,127,0.66109884
2018-01-01,128,0.7746432
2018-01-01,129,0.8037217
2018-01-01,130,0.7391845
2018-01-01,131,0.74734163
2018-01-01,132,0.79054594
2018-01-01,133,0.65188336
2018-01-01,134,0.79140294
2018-01-01,135,0.40050542
2018-01-01,136,0.0
2018-01-01,137,0.6988308
2018-01-01,138,0.64638627
2018-01-01,139,0.71519655
2018-01-01,140,0.6975616
2018-01-01,142,0.7237357
2018-01-01,143,0.74279034
2018-01-01,144,0.76429874
2018-01-01,145,0.6161968
2018-01-01,147,0.80131334
2018-01-01,148,0.831685
2018-01-01,149,0.0
2018-01-01,150,0.62432617
2018-01-01,151,0.59244394
2018-01-01,152,0.0
2018-01-01,153,0.75681096
2018-01-01,154,0.5701344
2018-01-01,155,0.8175907
2018-01-01,156,0.8157852
2018-01-01,158,0.7144579
2018-01-01,159,0.8004473
2018-01-01,160,0.80722684
2018-01-01,161,0.74486953
2018-01-01,162,0.82829386
2018-01-01,163,0.0
2018-01-01,164,0.8386016
2018-01-01,165,0.82506984
2018-01-01,166,0.75315917
2018-01-01,167,0.8103205
2018-01-01,168,0.78808475
2018-01-01,169,0.77443326
2018-01-01,170,0.76468277
2018-01-01,171,0.85920024
2018-01-01,172,0.7325454
2018-01-01,173,0.0
2018-01-01,174,0.7974602
2018-01-01,175,0.85507125
2018-01-01,176,0.87433267
2018-01-01,177,0.7540577
2018-01-01,178,0.78051025
2018-01-01,179,0.85542583
2018-01-01,180,0.6815925
2018-01-01,182,0.83718216
2018-01-01,183,0.0
2018-01-01,184,0.72407645
2018-01-01,186,0.7793737
2018-01-01,188,0.8436323
2018-01-01,189,0.8201923
2018-01-01,190,0.8348225
2018-01-01,191,0.8374834
2018-01-01,192,0.8071349
2018-01-01,193,0.79496425
2018-01-01,195,0.7390916
2018-01-01,196,0.74876386
2018-01-01,197,0.55607617
2018-01-01,198,0.8401378
2018-01-01,199,0.7439392
2018-01-01,200,0.8057774
2018-01-01,201,0.80684865
2018-01-01,202,0.78192717
2018-01-01,203,0.7478627
2018-01-01,204,0.75186884
2019-01-01,-1,0.84593844
2019-01-01,1,0.6924167
2019-01-01,2,0.80472326
2019-01-01,3,0.0
2019-01-01,4,0.7623215
2019-01-01,5,0.4648658
2019-01-01,6,0.6960695
2019-01-01,7,0.656448
2019-01-01,8,0.83427304
2019-01-01,9,0.39354572
2019-01-01,10,0.5622094
2019-01-01,11,0.7091454
2019-01-01,12,0.546446
2019-01-01,13,0.8493858
2019-01-01,14,0.8298642
2019-01-01,15,0.78356224
2019-01-01,16,0.786441
2019-01-01,17,0.7774068
2019-01-01,18,0.6971246
2019-01-01,19,0.5521937
2019-01-01,20,0.61675674
2019-01-01,21,0.8279478
2019-01-01,22,0.6983368
2019-01-01,23,0.8338872
2019-01-01,24,0.69352525
2019-01-01,25,0.82005644
2019-01-01,26,0.7319217
2019-01-01,27,0.73220986
2019-01-01,28,0.8642304
2019-01-01,29,0.6288466
2019-01-01,31,0.763483
2019-01-01,32,0.6602021
2019-01-01,33,0.72938627
2019-01-01,34,0.82853556
2019-01-01,36,0.7807926
2019-01-01,37,0.70887566
2019-01-01,38,0.64717275
2019-01-01,39,0.6317448
2019-01-01,40,0.726426
2019-01-01,41,0.84493124
2019-01-01,42,0.6511093
2019-01-01,43,0.0
2019-01-01,44,0.7945914
2019-01-01,45,0.83493805
2019-01-01,46,0.78470856
2019-01-01,47,0.64501446
2019-01-01,48,0.0
2019-01-01,49,0.7141843
2019-01-01,50,0.8422397
2019-01-01,51,0.5129552
2019-01-01,52,0.81772935
2019-01-01,53,0.6683864
2019-01-01,54,0.8333254
2019-01-01,55,0.69577813
2019-01-01,56,0.82581395
2019-01-01,57,0.72994137
2019-01-01,58,0.7830751
2019-01-01,59,0.4423585
2019-01-01,60,0.7392686
2019-01-01,61,0.69169873
2019-01-01,62,0.0
2019-01-01,63,0.8390228
2019-01-01,64,0.79345095
2019-01-01,65,0.5302077
2019-01-01,66,0.6476747
2019-01-01,67,0.676343
2019-01-01,68,0.7036064
2019-01-01,69,0.76461667
2019-01-01,70,0.77647597
2019-01-01,71,0.50689596
2019-01-01,72,0.80084324
2019-01-01,73,0.76363534
2019-01-01,74,0.78833294
2019-01-01,75,0.8119657
2019-01-01,76,0.69307935
2019-01-01,77,0.5155913
2019-01-01,78,0.73451865
2019-01-01,79,0.78723806
2019-01-01,80,0.62766594
2019-01-01,81,0.586327
2019-01-01,82,0.0
2019-01-01,83,0.6751747
2019-01-01,84,0.6410938
2019-01-01,85,0.6344316
2019-01-01,86,0.53168094
2019-01-01,87,0.83280015
2019-01-01,88,0.6535947
2019-01-01,89,0.0
2019-01-01,90,0.48571008
2019-01-01,91,0.6097024
2019-01-01,92,0.6786665
2019-01-01,93,0.0
2019-01-01,94,0.68224186
2019-01-01,95,0.540854
2019-01-01,96,0.68992996
2019-01-01,97,0.75515497
2019-01-01,98,0.75187784
2019-01-01,99,0.0
2019-01-01,100,0.78903353
2019-01-01,101,0.0
2019-01-01,102,0.7609563
2019-01-01,103,0.7757082
2019-01-01,104,0.8416499
2019-01-01,105,0.64628345
2019-01-01,106,0.76516825
2019-01-01,107,0.7467655
2019-01-01,108,0.34254652
2019-01-01,109,0.58818585
2019-01-01,110,0.60450673
2019-01-01,111,0.48401114
2019-01-01,112,0.7039705
2019-01-01,113,0.8259761
2019-01-01,114,0.54022425
2019-01-01,115,0.6934905
2019-01-01,116,0.80558085
2019-01-01,117,0.7814827
2019-01-01,118,0.78208756
2019-01-01,119,0.63118184
2019-01-01,120,0.0
2019-01-01,121,0.5798477
2019-01-01,122,0.58542067
2019-01-01,123,0.6615441
2019-01-01,124,0.6909103
2019-01-01,125,0.73138696
2019-01-01,126,0.66878223
2019-01-01,127,0.5463092
2019-01-01,128,0.76254976
2019-01-01,129,0.81179625
2019-01-01,130,0.666574
2019-01-01,131,0.7716529
2019-01-01,132,0.32236907
2019-01-01,133,0.7903794
2019-01-01,134,0.8033015
2019-01-01,135,0.5467239
2019-01-01,136,0.0
2019-01-01,137,0.6504375
2019-01-01,138,0.6487483
2019-01-01,139,0.6851825
2019-01-01,140,0.75203556
2019-01-01,141,0.0
2019-01-01,142,0.7018943
2019-01-01,143,0.64545137
2019-01-01,144,0.7764089
2019-01-01,145,0.0
2019-01-01,146,0.772418
2019-01-01,147,0.7428584
2019-01-01,148,0.8488043
2019-01-01,149,0.5755533
2019-01-01,150,0.79954326
2019-01-01,151,0.71638256
2019-01-01,152,0.57668334
2019-01-01,153,0.73348135
2019-01-01,154,0.0
2019-01-01,155,0.818891
2019-01-01,156,0.73862875
2019-01-01,157,0.8158586
2019-01-01,159,0.782735
2019-01-01,160,0.695576
2019-01-01,161,0.71317625
2019-01-01,162,0.846462
2019-01-01,164,0.7989278
2019-01-01,165,0.75455666
2019-01-01,166,0.0
2019-01-01,167,0.7776683
2019-01-01,168,0.80015683
2019-01-01,169,0.70486873
2019-01-01,170,0.0
2019-01-01,171,0.829351
2019-01-01,172,0.0
2019-01-01,174,0.0
2019-01-01,175,0.79667795
2019-01-01,176,0.8288262
2019-01-01,179,0.8212188
2019-01-01,181,0.0
2019-01-01,182,0.8230428
2019-01-01,183,0.0
2019-01-01,184,0.0
2019-01-01,185,0.6052825
2019-01-01,186,0.7319505
2019-01-01,188,0.6725562
2019-01-01,189,0.84661573
2019-01-01,190,0.82397014
2019-01-01,191,0.82209164
2019-01-01,192,0.7584756
2019-01-01,193,0.7281273
2019-01-01,195,0.7094495
2019-01-01,196,0.0
2019-01-01,197,0.7384025
2019-01-01,198,0.76745045
2019-01-01,199,0.0
2019-01-01,200,0.63865715
2019-01-01,201,0.6314304
2019-01-01,202,0.6686926
2019-01-01,203,0.70206666
2019-01-01,204,0.74719614
2020-01-01,-1,0.83835715
2020-01-01,0,2.835426e-08
2020-01-01,1,0.7681966
2020-01-01,2,0.8285063
2020-01-01,3,0.36706233
2020-01-01,6,0.6552798
2020-01-01,7,0.7449675
2020-01-01,8,0.8170478
2020-01-01,9,0.6531589
2020-01-01,10,0.82607144
2020-01-01,11,0.7096565
2020-01-01,13,0.8261197
2020-01-01,14,0.80560076
2020-01-01,15,0.75577486
2020-01-01,16,0.82308596
2020-01-01,17,0.7587992
2020-01-01,18,0.7131787
2020-01-01,20,0.7710019
2020-01-01,21,0.8355102
2020-01-01,22,0.660549
2020-01-01,23,0.7001523
2020-01-01,24,0.67689097
2020-01-01,25,0.64411896
2020-01-01,26,0.0
2020-01-01,27,0.71566164
2020-01-01,28,0.77360576
2020-01-01,30,0.69312614
2020-01-01,31,0.7498495
2020-01-01,32,0.66087747
2020-01-01,33,0.74119365
2020-01-01,34,0.6763348
2020-01-01,35,0.0
2020-01-01,36,0.7071308
2020-01-01,37,0.6578701
2020-01-01,38,0.7065335
2020-01-01,39,0.81109977
2020-01-01,40,0.76993227
2020-01-01,41,0.81169623
2020-01-01,42,0.617686
2020-01-01,43,0.0
2020-01-01,44,0.72727495
2020-01-01,45,0.8129066
2020-01-01,46,0.7380475
2020-01-01,47,0.0
2020-01-01,48,0.0
2020-01-01,49,0.7984452
2020-01-01,50,0.69846135
2020-01-01,51,0.0
2020-01-01,52,0.7064067
2020-01-01,53,0.5835305
2020-01-01,54,0.81974614
2020-01-01,55,0.5746216
2020-01-01,56,0.86433035
2020-01-01,57,0.67233896
2020-01-01,58,0.6931381
2020-01-01,60,0.8478489
2020-01-01,61,0.0
2020-01-01,62,0.65758854
2020-01-01,63,0.6328765
2020-01-01,64,0.5254695
2020-01-01,65,0.80084276
2020-01-01,66,0.63667697
2020-01-01,67,0.6545929
2020-01-01,68,0.6684704
2020-01-01,69,0.80956364
2020-01-01,70,0.58515143
2020-01-01,71,0.7843097
2020-01-01,72,0.76023877
2020-01-01,73,0.5086216
2020-01-01,74,0.71833056
2020-01-01,75,0.59998554
2020-01-01,76,0.6580592
2020-01-01,77,0.6390556
2020-01-01,78,0.7145501
2020-01-01,79,0.7904451
2020-01-01,80,0.75017667
2020-01-01,81,0.0
2020-01-01,82,0.0
2020-01-01,83,0.7262069
2020-01-01,84,0.0
2020-01-01,85,0.6797487
2020-01-01,86,0.71077454
2020-01-01,87,0.72125655
2020-01-01,88,0.7477274
2020-01-01,89,0.77666754
2020-01-01,90,0.0
2020-01-01,91,0.6767823
2020-01-01,92,0.62664086
2020-01-01,94,0.64411074
2020-01-01,95,0.0
2020-01-01,96,0.69698536
2020-01-01,97,0.68188375
2020-01-01,98,0.71463746
2020-01-01,99,0.6405702
2020-01-01,100,0.8238566
2020-01-01,101,0.7639837
2020-01-01,102,0.6774802
2020-01-01,103,0.7329741
2020-01-01,104,0.6875274
2020-01-01,105,0.6615785
2020-01-01,106,0.76907736
2020-01-01,107,0.49126792
2020-01-01,108,0.0
2020-01-01,109,0.5898784
2020-01-01,110,0.6473547
2020-01-01,111,0.0
2020-01-01,112,0.6773487
2020-01-01,113,0.8212627
2020-01-01,114,0.47847173
2020-01-01,115,0.62437195
2020-01-01,116,0.83176804
2020-01-01,117,0.6718891
2020-01-01,118,0.513123
2020-01-01,119,0.6970074
2020-01-01,121,0.0
2020-01-01,122,0.43807492
2020-01-01,123,0.67836666
2020-01-01,124,0.7158904
2020-01-01,125,0.6031638
2020-01-01,126,0.64702624
2020-01-01,127,0.52575934
2020-01-01,128,0.76191306
2020-01-01,129,0.7685564
2020-01-01,130,0.64954156
2020-01-01,131,0.7593615
2020-01-01,132,0.0
2020-01-01,133,0.7584845
2020-01-01,134,0.804662
2020-01-01,137,0.74685425
2020-01-01,138,0.61650693
2020-01-01,139,0.71259755
2020-01-01,140,0.7223841
2020-01-01,141,0.6528777
2020-01-01,142,0.6629457
2020-01-01,143,0.7428571
2020-01-01,144,0.7475048
2020-01-01,145,0.7424951
2020-01-01,146,0.0
2020-01-01,147,0.6102074
2020-01-01,148,0.8507744
2020-01-01,149,0.726465
2020-01-01,150,0.70160764
2020-01-01,151,0.5510263
2020-01-01,152,0.7767117
2020-01-01,153,0.8110585
2020-01-01,154,0.55916446
2020-01-01,155,0.0
2020-01-01,156,0.528244
2020-01-01,157,0.5940102
2020-01-01,158,0.6755364
2020-01-01,159,0.55104727
2020-01-01,160,0.81312656
2020-01-01,161,0.81608635
2020-01-01,162,0.78082466
2020-01-01,164,0.78442746
2020-01-01,165,0.60481584
2020-01-01,166,0.0
2020-01-01,167,0.7959446
2020-01-01,168,0.60606605
2020-01-01,169,0.6241465
2020-01-01,170,0.0
2020-01-01,171,0.83434725
2020-01-01,172,0.53527915
2020-01-01,173,0.7543335
2020-01-01,174,0.74103725
2020-01-01,175,0.83905774
2020-01-01,176,0.81615293
2020-01-01,178,0.694605
2020-01-01,179,0.823659
2020-01-01,180,0.5872187
2020-01-01,181,0.554458
2020-01-01,182,0.75297844
2020-01-01,183,0.0
2020-01-01,184,0.7802987
2020-01-01,185,0.60750884
2020-01-01,186,0.7717489
2020-01-01,187,0.0
2020-01-01,188,0.7988888
2020-01-01,189,0.7178169
2020-01-01,190,0.8124834
2020-01-01,191,0.77631485
2020-01-01,192,0.0
2020-01-01,193,0.5532778
2020-01-01,194,0.6975074
2020-01-01,197,0.7469529
2020-01-01,198,0.8058092
2020-01-01,199,0.60150623
2020-01-01,200,0.7389324
2020-01-01,201,0.70736766
2020-01-01,202,0.6855363
2020-01-01,203,0.8099768
2020-01-01,204,0.0
2021-01-01,-1,0.8446944
2021-01-01,0,0.0
2021-01-01,1,0.678677
2021-01-01,2,0.82783914
2021-01-01,3,0.6193021
2021-01-01,4,0.53236717
2021-01-01,5,0.6694834
2021-01-01,6,0.6677482
2021-01-01,7,0.0
2021-01-01,8,0.7080909
2021-01-01,9,0.59759784
2021-01-01,10,0.0
2021-01-01,11,0.7241706
2021-01-01,13,0.82631975
2021-01-01,14,0.81272626
2021-01-01,15,0.81154096
2021-01-01,16,0.836192
2021-01-01,17,0.8318287
2021-01-01,18,0.760076
2021-01-01,19,0.40817404
2021-01-01,20,0.48613423
2021-01-01,21,0.84271175
2021-01-01,22,0.6147287
2021-01-01,23,0.6539522
2021-01-01,24,0.6806775
2021-01-01,25,0.6940985
2021-01-01,26,0.0
2021-01-01,27,0.67673993
2021-01-01,28,0.84679383
2021-01-01,29,0.3794793
2021-01-01,30,0.6376961
2021-01-01,31,0.5763264
2021-01-01,32,0.6686076
2021-01-01,33,0.57064635
2021-01-01,34,0.684707
2021-01-01,35,0.5880705
2021-01-01,36,0.78623605
2021-01-01,37,0.6417564
2021-01-01,38,0.0
2021-01-01,39,0.5535258
2021-01-01,40,0.606863
2021-01-01,41,0.78677166
2021-01-01,42,0.7392085
2021-01-01,43,0.0
2021-01-01,44,0.7322738
2021-01-01,45,0.8295717
2021-01-01,46,0.83919007
2021-01-01,47,0.0
2021-01-01,48,0.41979754
2021-01-01,49,0.7968084
2021-01-01,50,0.7278448
2021-01-01,51,0.660225
2021-01-01,52,0.69154096
2021-01-01,53,0.6395603
2021-01-01,54,0.7567687
2021-01-01,55,0.42239058
2021-01-01,56,0.778124
2021-01-01,57,0.5147433
2021-01-01,58,0.79645264
2021-01-01,60,0.8526586
2021-01-01,61,0.63764936
2021-01-01,62,0.63391715
2021-01-01,63,0.82349586
2021-01-01,64,0.7572632
2021-01-01,65,0.81989056
2021-01-01,66,0.8333237
2021-01-01,67,0.0
2021-01-01,68,0.72541285
2021-01-01,69,0.76868063
2021-01-01,70,0.54609495
2021-01-01,71,0.58601415
2021-01-01,72,0.77056694
2021-01-01,73,0.6525678
2021-01-01,74,0.77066636
2021-01-01,75,0.0
2021-01-01,76,0.71899164
2021-01-01,77,0.6296011
2021-01-01,78,0.7092644
2021-01-01,79,0.7009806
2021-01-01,80,0.5962777
2021-01-01,81,0.60279435
2021-01-01,83,0.72439414
2021-01-01,84,0.85627335
2021-01-01,85,0.0
2021-01-01,86,0.59998894
2021-01-01,87,0.78901005
2021-01-01,88,0.68043476
2021-01-01,89,0.8337555
2021-01-01,90,0.67822504
2021-01-01,91,0.6662978
2021-01-01,92,0.5760812
2021-01-01,93,0.8522748
2021-01-01,94,0.82892805
2021-01-01,95,0.54472005
2021-01-01,96,0.7232304
2021-01-01,97,0.6646528
2021-01-01,98,0.70463777
2021-01-01,99,0.627362
2021-01-01,100,0.70884717
2021-01-01,101,0.8277807
2021-01-01,102,0.6583092
2021-01-01,103,0.66307664
2021-01-01,104,0.6846354
2021-01-01,105,0.74143493
2021-01-01,106,0.74822146
2021-01-01,107,0.62328404
2021-01-01,109,0.7694315
2021-01-01,110,0.6755625
2021-01-01,111,0.0
2021-01-01,112,0.0
2021-01-01,113,0.8141993
2021-01-01,114,0.59934866
2021-01-01,115,0.7390445
2021-01-01,116,0.8234125
2021-01-01,117,0.4122672
2021-01-01,118,0.7120149
2021-01-01,119,0.72122467
2021-01-01,120,0.7460553
2021-01-01,122,0.5886194
2021-01-01,123,0.56982625
2021-01-01,124,0.700438
2021-01-01,125,0.64854515
2021-01-01,126,0.62300664
2021-01-01,127,0.56118864
2021-01-01,128,0.7723281
2021-01-01,129,0.70732975
2021-01-01,130,0.7668542
2021-01-01,131,0.70818686
2021-01-01,132,0.0
2021-01-01,134,0.0
2021-01-01,135,0.0
2021-01-01,137,0.60813975
2021-01-01,138,0.0
2021-01-01,139,0.6924544
2021-01-01,140,0.75859576
2021-01-01,141,0.69619614
2021-01-01,142,0.69149864
2021-01-01,143,0.5941241
2021-01-01,144,0.81443423
2021-01-01,145,0.6292612
2021-01-01,147,0.0
2021-01-01,148,0.7954718
2021-01-01,150,0.42020097
2021-01-01,151,0.55435175
2021-01-01,152,0.0
2021-01-01,153,0.6325367
2021-01-01,154,0.0
2021-01-01,155,0.8085365
2021-01-01,156,0.8099833
2021-01-01,157,0.55052936
2021-01-01,158,0.7371535
2021-01-01,159,0.7826487
2021-01-01,160,0.73980194
2021-01-01,161,0.7779851
2021-01-01,162,0.8203275
2021-01-01,164,0.8232004
2021-01-01,166,0.83412415
2021-01-01,167,0.7344381
2021-01-01,169,0.6840162
2021-01-01,171,0.818301
2021-01-01,172,0.7803691
2021-01-01,173,0.66725886
2021-01-01,175,0.8302046
2021-01-01,176,0.84323174
2021-01-01,178,0.772771
2021-01-01,179,0.81697834
2021-01-01,181,0.75010514
2021-01-01,182,0.8000333
2021-01-01,183,0.0
2021-01-01,184,0.63730633
2021-01-01,185,0.71896225
2021-01-01,188,0.6008626
2021-01-01,189,0.825968
2021-01-01,190,0.80457854
2021-01-01,191,0.82465994
2021-01-01,192,0.718107
2021-01-01,193,0.64193326
2021-01-01,195,0.6249603
2021-01-01,197,0.63142645
2021-01-01,198,0.8262428
2021-01-01,199,0.8415031
2021-01-01,200,0.72027904
2021-01-01,202,0.6561592
2021-01-01,203,0.6949727
2021-01-01,204,0.64428777
