period,cross_similarity
2011-05-01,0.2656393
2011-06-01,0.30351275
2011-07-01,0.25471488
2011-08-01,0.242544
2011-09-01,0.2624924
2011-10-01,0.2879279
2011-11-01,0.24993174
2011-12-01,0.26628542
2012-01-01,0.26555723
2012-02-01,0.26628003
2012-03-01,0.25624081
2012-04-01,0.24050884
2012-05-01,0.2579637
2012-06-01,0.2761683
2012-07-01,0.27640787
2012-08-01,0.28676504
2012-09-01,0.26994586
2012-10-01,0.28019407
2012-11-01,0.28567323
2012-12-01,0.25127122
2013-01-01,0.26479352
2013-02-01,0.24483034
2013-03-01,0.2684215
2013-04-01,0.2512868
2013-05-01,0.2806258
2013-06-01,0.25854138
2013-07-01,0.24677841
2013-08-01,0.24865685
2013-09-01,0.2694966
2013-10-01,0.31433302
2013-11-01,0.28926337
2013-12-01,0.25033095
2014-01-01,0.24482259
2014-02-01,0.2882883
2014-03-01,0.2512586
2014-04-01,0.25256866
2014-05-01,0.25865698
2014-06-01,0.24728642
2014-07-01,0.2562057
2014-08-01,0.24645123
2014-09-01,0.23628595
2014-10-01,0.25733405
2014-11-01,0.299127
2014-12-01,0.25498217
2015-01-01,0.2427351
2015-02-01,0.24277009
2015-03-01,0.24885625
2015-04-01,0.2557651
2015-05-01,0.24827369
2015-06-01,0.2544245
2015-07-01,0.25420475
2015-08-01,0.26978895
2015-09-01,0.2625939
2015-10-01,0.27183273
2015-11-01,0.26171467
2015-12-01,0.27248678
2016-01-01,0.2732013
2016-02-01,0.29199043
2016-03-01,0.30492005
2016-04-01,0.28749332
2016-05-01,0.2638838
2016-06-01,0.2758802
2016-07-01,0.27637026
2016-08-01,0.2927302
2016-09-01,0.26633886
2016-10-01,0.30166396
2016-11-01,0.30157128
2016-12-01,0.28039923
2017-01-01,0.28811947
2017-02-01,0.2949734
2017-03-01,0.28763413
2017-04-01,0.26460272
2017-05-01,0.270261
2017-06-01,0.26136038
2017-07-01,0.26905185
2017-08-01,0.28074864
2017-09-01,0.2642872
2017-10-01,0.2817327
2017-11-01,0.2672315
2017-12-01,0.26974672
2018-01-01,0.27055293
2018-02-01,0.27922535
2018-03-01,0.26226616
2018-04-01,0.24564618
2018-05-01,0.26877886
2018-06-01,0.2735808
2018-07-01,0.28153694
2018-08-01,0.278311
2018-09-01,0.31960192
2018-10-01,0.29783246
2018-11-01,0.2737295
2018-12-01,0.2849878
2019-01-01,0.28894645
2019-02-01,0.2723452
2019-03-01,0.2723822
2019-04-01,0.28929597
2019-05-01,0.2594387
2019-06-01,0.27897233
2019-07-01,0.2834163
2019-08-01,0.2752522
2019-09-01,0.26528645
2019-10-01,0.30094048
2019-11-01,0.26954067
2019-12-01,0.2814358
2020-01-01,0.2685303
2020-02-01,0.29564348
2020-03-01,0.3392812
2020-04-01,0.3290306
2020-05-01,0.3075237
2020-06-01,0.32250127
2020-07-01,0.2804671
2020-08-01,0.29074767
2020-09-01,0.29787713
2020-10-01,0.30583656
2020-11-01,0.31447598
2020-12-01,0.27841526
2021-01-01,0.32261145
2021-02-01,0.29233968
2021-03-01,0.2980525
2021-04-01,0.30171385
2021-05-01,0.2761436
2021-06-01,0.2823426
2021-07-01,0.27673933
2021-08-01,0.26179433
