period,intra_similarity
2011-04-01,0.56943846
2011-07-01,0.52575827
2011-10-01,0.5316414
2012-01-01,0.50724214
2012-04-01,0.51185346
2012-07-01,0.53528965
2012-10-01,0.52715665
2013-01-01,0.49664244
2013-04-01,0.506468
2013-07-01,0.5129528
2013-10-01,0.5364413
2014-01-01,0.5286628
2014-04-01,0.5060505
2014-07-01,0.5069378
2014-10-01,0.51665324
2015-01-01,0.4915362
2015-04-01,0.50835603
2015-07-01,0.52817434
2015-10-01,0.5330322
2016-01-01,0.5593338
2016-04-01,0.53286594
2016-07-01,0.540465
2016-10-01,0.54975784
2017-01-01,0.5548422
2017-04-01,0.5277872
2017-07-01,0.534964
2017-10-01,0.5401522
2018-01-01,0.5341981
2018-04-01,0.5239615
2018-07-01,0.5578361
2018-10-01,0.5476888
2019-01-01,0.54369754
2019-04-01,0.554951
2019-07-01,0.5409899
2019-10-01,0.55539334
2020-01-01,0.5563077
2020-04-01,0.5775463
2020-07-01,0.5458544
2020-10-01,0.5541173
2021-01-01,0.57419604
2021-04-01,0.57282346
2021-07-01,0.5619816
