period,entropy,topic_count
2011-04-01,2.380193843409242,30
2011-07-01,2.550904607652879,36
2011-10-01,2.325585032782078,33
2012-01-01,2.6207091333311627,34
2012-04-01,2.6908379616992613,34
2012-07-01,2.523060745400099,39
2012-10-01,2.666270536369524,32
2013-01-01,2.796308749582193,35
2013-04-01,2.814211112977254,32
2013-07-01,2.855537003628157,39
2013-10-01,2.5865627686302446,38
2014-01-01,2.7260020016489284,34
2014-04-01,2.8167300631562524,38
2014-07-01,2.7295439399633077,37
2014-10-01,2.7316117671549334,35
2015-01-01,2.753908696572958,41
2015-04-01,2.7687176369135895,40
2015-07-01,2.7492965591171514,39
2015-10-01,2.620599708275405,42
2016-01-01,2.458443211975162,41
2016-04-01,2.584286729841204,42
2016-07-01,2.432145214578094,36
2016-10-01,2.2908089005691195,40
2017-01-01,2.55281363856566,40
2017-04-01,2.618779490219286,39
2017-07-01,2.598417115080064,38
2017-10-01,2.5646638440209086,39
2018-01-01,2.578514499608293,39
2018-04-01,2.6445443347849213,37
2018-07-01,2.4113706570951794,39
2018-10-01,2.619064687763795,38
2019-01-01,2.4893222082715076,33
2019-04-01,2.491213589661481,33
2019-07-01,2.4493816319242634,35
2019-10-01,2.3453655196089,34
2020-01-01,2.218383864356742,30
2020-04-01,2.2939949645400066,34
2020-07-01,2.2638139100494845,27
2020-10-01,2.2494455436866208,35
2021-01-01,2.1817457704692567,34
2021-04-01,2.482608072995708,40
2021-07-01,2.2353482690589224,26
